context_length_k,ttft_avg_s,ttft_std_s,ttft_min_s,ttft_max_s,prefill_avg_toks_per_s,prefill_std_toks_per_s,prefill_min_toks_per_s,prefill_max_toks_per_s,decoding_avg_toks_per_s,decoding_std_toks_per_s,decoding_min_toks_per_s,decoding_max_toks_per_s
1,2.793130,0.100341,2.588247,2.941953,351.11,12.97,332.92,378.54,12.25,0.34,11.51,12.69
2,4.443133,0.140051,4.168066,4.614860,438.98,14.14,422.22,467.48,11.83,0.44,10.70,12.17
4,7.257507,0.296311,6.751601,7.632455,536.40,22.44,509.04,575.65,11.39,0.12,11.25,11.56
8,13.778050,0.801803,12.821285,14.896051,565.14,32.74,520.88,605.23,10.39,0.20,9.87,10.55
16,28.213831,1.400040,26.655188,30.084419,551.09,27.29,515.52,581.84,8.87,0.09,8.65,8.92
32,64.997147,2.862766,61.614601,68.456879,478.00,21.05,453.00,503.20,6.85,0.02,6.82,6.89
