context_length_k,ttft_avg_s,ttft_std_s,ttft_min_s,ttft_max_s,prefill_avg_toks_per_s,prefill_std_toks_per_s,prefill_min_toks_per_s,prefill_max_toks_per_s,decoding_avg_toks_per_s,decoding_std_toks_per_s,decoding_min_toks_per_s,decoding_max_toks_per_s
1,1.784497,0.008854,1.771067,1.795918,561.02,2.79,557.45,565.32,22.80,0.06,22.72,22.89
2,3.060991,0.035558,3.031160,3.152742,644.03,7.39,624.96,650.20,21.71,0.14,21.46,21.84
4,6.089104,0.074438,5.986976,6.228543,641.89,7.82,627.40,652.72,20.00,0.05,19.93,20.08
8,13.387642,0.030065,13.346700,13.437003,581.27,1.31,579.15,583.05,17.04,0.06,16.93,17.12
16,34.021706,0.167881,33.811234,34.392052,456.45,2.25,451.47,459.29,12.94,0.27,12.47,13.13
32,101.137085,0.631904,100.541878,102.493927,306.74,1.90,302.69,308.55,8.92,0.09,8.69,8.99
